Date,Open,High,Low,Close,Volume,Dividends,Stock Splits,Repaired?
2018-08-10 04:00:00+00:00,12.0,12.0,11.5,11.75,2519800,0.0,0.0,False
2018-08-13 04:00:00+00:00,11.75,11.93000030517578,11.050000190734863,11.5,430200,0.0,0.0,False
2018-08-14 04:00:00+00:00,11.5,11.75,11.079999923706056,11.649999618530272,400700,0.0,0.0,False
2018-08-15 04:00:00+00:00,11.59000015258789,11.699999809265137,11.5,11.640000343322754,294600,0.0,0.0,False
2018-08-16 04:00:00+00:00,11.550000190734863,11.800000190734863,11.510000228881836,11.699999809265137,266400,0.0,0.0,False
2018-08-17 04:00:00+00:00,11.6899995803833,11.789999961853027,11.170000076293944,11.739999771118164,296300,0.0,0.0,False
2018-08-20 04:00:00+00:00,11.850000381469728,12.229999542236328,11.699999809265137,12.170000076293944,341900,0.0,0.0,False
2018-08-21 04:00:00+00:00,12.170000076293944,12.5,12.100000381469728,12.329999923706056,455600,0.0,0.0,False
2018-08-22 04:00:00+00:00,12.25,12.550000190734863,12.100000381469728,12.4399995803833,343600,0.0,0.0,False
2018-08-23 04:00:00+00:00,12.5,12.539999961853027,12.260000228881836,12.5,214400,0.0,0.0,False
2018-08-24 04:00:00+00:00,12.489999771118164,12.93000030517578,12.350000381469728,12.5600004196167,327400,0.0,0.0,False
2018-08-27 04:00:00+00:00,12.399999618530272,12.600000381469728,12.25,12.5600004196167,257600,0.0,0.0,False
2018-08-28 04:00:00+00:00,12.649999618530272,13.5,12.550000190734863,12.970000267028809,396700,0.0,0.0,False
2018-08-29 04:00:00+00:00,12.960000038146973,13.050000190734863,12.75,12.84000015258789,109900,0.0,0.0,False
2018-08-30 04:00:00+00:00,12.859999656677246,13.75,12.8100004196167,13.6899995803833,321400,0.0,0.0,False
2018-08-31 04:00:00+00:00,13.75,13.960000038146973,13.390000343322754,13.789999961853027,242000,0.0,0.0,False
2018-09-04 04:00:00+00:00,14.079999923706056,16.239999771118164,14.0,15.81999969482422,777300,0.0,0.0,False
2018-09-05 04:00:00+00:00,16.290000915527344,16.40999984741211,15.199999809265137,15.850000381469728,724700,0.0,0.0,False
2018-09-06 04:00:00+00:00,15.90999984741211,16.1200008392334,14.010000228881836,15.649999618530272,401200,0.0,0.0,False
2018-09-07 04:00:00+00:00,15.619999885559082,16.049999237060547,15.0,15.850000381469728,292000,0.0,0.0,False
2018-09-10 04:00:00+00:00,15.84000015258789,16.0,15.40999984741211,15.649999618530272,222100,0.0,0.0,False
2018-09-11 04:00:00+00:00,15.630000114440918,15.949999809265137,15.039999961853027,15.289999961853027,308900,0.0,0.0,False
2018-09-12 04:00:00+00:00,15.039999961853027,15.390000343322754,14.5,14.649999618530272,326700,0.0,0.0,False
2018-09-13 04:00:00+00:00,14.420000076293944,15.34000015258789,14.050000190734863,15.3100004196167,428600,0.0,0.0,False
2018-09-14 04:00:00+00:00,15.25,15.899999618530272,14.93000030517578,15.600000381469728,334900,0.0,0.0,False
2018-09-17 04:00:00+00:00,15.550000190734863,15.6899995803833,14.710000038146973,14.84000015258789,177900,0.0,0.0,False
2018-09-18 04:00:00+00:00,14.75,15.300000190734863,14.75,14.890000343322754,227900,0.0,0.0,False
2018-09-19 04:00:00+00:00,14.9399995803833,15.15999984741211,14.4399995803833,14.449999809265137,153500,0.0,0.0,False
2018-09-20 04:00:00+00:00,14.260000228881836,15.140000343322754,13.0,13.5600004196167,369800,0.0,0.0,False
2018-09-21 04:00:00+00:00,13.449999809265137,13.9399995803833,13.449999809265137,13.8100004196167,1436800,0.0,0.0,False
2018-09-24 04:00:00+00:00,13.720000267028809,13.720000267028809,13.199999809265137,13.399999618530272,246300,0.0,0.0,False
2018-09-25 04:00:00+00:00,13.300000190734863,13.390000343322754,12.550000190734863,12.56999969482422,278700,0.0,0.0,False
2018-09-26 04:00:00+00:00,12.520000457763672,13.670000076293944,12.199999809265137,13.609999656677246,390200,0.0,0.0,False
2018-09-27 04:00:00+00:00,13.59000015258789,13.720000267028809,13.18000030517578,13.359999656677246,135200,0.0,0.0,False
2018-09-28 04:00:00+00:00,13.329999923706056,13.970000267028809,13.300000190734863,13.859999656677246,127700,0.0,0.0,False
2018-10-01 04:00:00+00:00,13.899999618530272,14.149999618530272,12.979999542236328,13.210000038146973,210000,0.0,0.0,False
2018-10-02 04:00:00+00:00,13.18000030517578,13.869999885559082,12.8100004196167,13.65999984741211,158200,0.0,0.0,False
2018-10-03 04:00:00+00:00,13.699999809265137,13.970000267028809,13.09000015258789,13.899999618530272,112200,0.0,0.0,False
2018-10-04 04:00:00+00:00,13.789999961853027,13.90999984741211,13.279999732971191,13.329999923706056,78400,0.0,0.0,False
2018-10-05 04:00:00+00:00,13.3100004196167,13.3100004196167,12.949999809265137,12.989999771118164,106900,0.0,0.0,False
2018-10-08 04:00:00+00:00,12.979999542236328,13.300000190734863,12.649999618530272,13.210000038146973,267300,0.0,0.0,False
2018-10-09 04:00:00+00:00,13.210000038146973,13.449999809265137,12.739999771118164,13.06999969482422,103000,0.0,0.0,False
2018-10-10 04:00:00+00:00,13.0600004196167,13.5600004196167,12.600000381469728,13.25,134000,0.0,0.0,False
2018-10-11 04:00:00+00:00,13.100000381469728,13.25,12.390000343322754,12.619999885559082,147000,0.0,0.0,False
2018-10-12 04:00:00+00:00,12.770000457763672,13.449999809265137,12.619999885559082,13.390000343322754,113400,0.0,0.0,False
2018-10-15 04:00:00+00:00,13.359999656677246,13.649999618530272,13.0,13.649999618530272,83100,0.0,0.0,False
2018-10-16 04:00:00+00:00,13.68000030517578,14.149999618530272,13.029999732971191,14.079999923706056,94200,0.0,0.0,False
2018-10-17 04:00:00+00:00,14.039999961853027,14.25,13.289999961853027,14.1899995803833,90200,0.0,0.0,False
2018-10-18 04:00:00+00:00,14.09000015258789,14.149999618530272,13.470000267028809,13.600000381469728,100400,0.0,0.0,False
2018-10-19 04:00:00+00:00,13.609999656677246,13.93000030517578,13.609999656677246,13.859999656677246,97400,0.0,0.0,False
2018-10-22 04:00:00+00:00,13.90999984741211,14.220000267028809,13.899999618530272,14.0600004196167,175800,0.0,0.0,False
2018-10-23 04:00:00+00:00,13.890000343322754,14.039999961853027,13.300000190734863,13.649999618530272,73600,0.0,0.0,False
2018-10-24 04:00:00+00:00,13.619999885559082,13.760000228881836,13.359999656677246,13.630000114440918,78100,0.0,0.0,False
2018-10-25 04:00:00+00:00,13.520000457763672,13.890000343322754,13.239999771118164,13.789999961853027,104400,0.0,0.0,False
2018-10-26 04:00:00+00:00,13.670000076293944,13.779999732971191,13.380000114440918,13.470000267028809,91300,0.0,0.0,False
2018-10-29 04:00:00+00:00,13.600000381469728,13.81999969482422,12.920000076293944,12.989999771118164,79800,0.0,0.0,False
2018-10-30 04:00:00+00:00,12.920000076293944,13.75,12.920000076293944,13.59000015258789,123200,0.0,0.0,False
2018-10-31 04:00:00+00:00,13.739999771118164,14.470000267028809,13.739999771118164,14.449999809265137,206600,0.0,0.0,False
2018-11-01 04:00:00+00:00,14.470000267028809,14.5,14.050000190734863,14.119999885559082,99800,0.0,0.0,False
2018-11-02 04:00:00+00:00,14.15999984741211,14.350000381469728,13.550000190734863,13.630000114440918,82200,0.0,0.0,False
2018-11-05 05:00:00+00:00,13.630000114440918,14.050000190734863,13.630000114440918,13.899999618530272,144400,0.0,0.0,False
2018-11-06 05:00:00+00:00,13.789999961853027,14.010000228881836,13.609999656677246,13.729999542236328,50000,0.0,0.0,False
2018-11-07 05:00:00+00:00,13.850000381469728,14.25,13.800000190734863,14.109999656677246,65100,0.0,0.0,False
2018-11-08 05:00:00+00:00,14.100000381469728,15.949999809265137,14.100000381469728,15.119999885559082,444500,0.0,0.0,False
2018-11-09 05:00:00+00:00,15.0,15.369999885559082,14.199999809265137,14.460000038146973,148900,0.0,0.0,False
2018-11-12 05:00:00+00:00,14.529999732971191,14.699999809265137,14.149999618530272,14.329999923706056,119100,0.0,0.0,False
2018-11-13 05:00:00+00:00,14.4399995803833,15.079999923706056,14.300000190734863,14.550000190734863,138400,0.0,0.0,False
2018-11-14 05:00:00+00:00,14.649999618530272,14.899999618530272,14.520000457763672,14.779999732971191,125300,0.0,0.0,False
2018-11-15 05:00:00+00:00,14.640000343322754,15.270000457763672,14.640000343322754,15.140000343322754,121500,0.0,0.0,False
2018-11-16 05:00:00+00:00,15.029999732971191,15.220000267028809,14.449999809265137,14.5600004196167,91200,0.0,0.0,False
2018-11-19 05:00:00+00:00,14.5600004196167,14.5600004196167,12.100000381469728,13.010000228881836,565900,0.0,0.0,False
2018-11-20 05:00:00+00:00,12.949999809265137,13.550000190734863,12.75,13.170000076293944,207400,0.0,0.0,False
2018-11-21 05:00:00+00:00,13.229999542236328,13.75,13.220000267028809,13.649999618530272,78200,0.0,0.0,False
2018-11-23 05:00:00+00:00,13.539999961853027,13.949999809265137,13.039999961853027,13.9399995803833,33200,0.0,0.0,False
2018-11-26 05:00:00+00:00,14.0,14.329999923706056,13.329999923706056,13.40999984741211,125900,0.0,0.0,False
2018-11-27 05:00:00+00:00,13.399999618530272,13.789999961853027,12.65999984741211,12.829999923706056,79400,0.0,0.0,False
2018-11-28 05:00:00+00:00,13.039999961853027,13.59000015258789,12.380000114440918,12.460000038146973,153400,0.0,0.0,False
2018-11-29 05:00:00+00:00,12.43000030517578,13.18000030517578,11.56999969482422,11.829999923706056,182400,0.0,0.0,False
2018-11-30 05:00:00+00:00,11.829999923706056,12.210000038146973,11.630000114440918,12.079999923706056,240300,0.0,0.0,False
2018-12-03 05:00:00+00:00,12.279999732971191,12.279999732971191,11.850000381469728,12.0,321000,0.0,0.0,False
2018-12-04 05:00:00+00:00,12.84000015258789,12.949999809265137,10.390000343322754,10.630000114440918,483800,0.0,0.0,False
2018-12-06 05:00:00+00:00,10.529999732971191,11.84000015258789,10.420000076293944,11.6899995803833,191500,0.0,0.0,False
2018-12-07 05:00:00+00:00,11.6899995803833,12.279999732971191,11.579999923706056,11.890000343322754,151700,0.0,0.0,False
2018-12-10 05:00:00+00:00,11.850000381469728,12.039999961853027,11.350000381469728,11.699999809265137,105900,0.0,0.0,False
2018-12-11 05:00:00+00:00,11.829999923706056,12.050000190734863,11.420000076293944,11.510000228881836,52100,0.0,0.0,False
2018-12-12 05:00:00+00:00,11.609999656677246,12.0600004196167,11.369999885559082,11.880000114440918,227300,0.0,0.0,False
2018-12-13 05:00:00+00:00,11.880000114440918,11.899999618530272,10.0,10.229999542236328,251000,0.0,0.0,False
2018-12-14 05:00:00+00:00,10.109999656677246,10.600000381469728,9.949999809265137,10.100000381469728,119900,0.0,0.0,False
2018-12-17 05:00:00+00:00,10.050000190734863,10.729999542236328,9.68000030517578,9.949999809265137,181000,0.0,0.0,False
2018-12-18 05:00:00+00:00,9.970000267028809,10.0,8.65999984741211,9.140000343322754,467200,0.0,0.0,False
2018-12-19 05:00:00+00:00,9.09000015258789,9.25,7.75,7.900000095367432,505700,0.0,0.0,False
2018-12-20 05:00:00+00:00,7.900000095367432,8.0,6.789999961853027,7.320000171661377,506900,0.0,0.0,False
2018-12-21 05:00:00+00:00,7.340000152587891,7.789999961853027,6.840000152587891,6.860000133514404,371000,0.0,0.0,False
2018-12-24 05:00:00+00:00,6.710000038146973,7.119999885559082,6.670000076293945,6.800000190734863,176200,0.0,0.0,False
2018-12-26 05:00:00+00:00,6.829999923706055,7.260000228881836,6.599999904632568,6.75,252100,0.0,0.0,False
2018-12-27 05:00:00+00:00,6.639999866485596,7.050000190734863,6.360000133514404,6.559999942779541,262200,0.0,0.0,False
2018-12-28 05:00:00+00:00,6.599999904632568,7.230000019073486,6.599999904632568,7.03000020980835,230500,0.0,0.0,False
2018-12-31 05:00:00+00:00,7.090000152587891,7.760000228881836,7.019999980926514,7.710000038146973,239400,0.0,0.0,False
2019-01-02 05:00:00+00:00,7.510000228881836,8.109999656677246,7.03000020980835,7.699999809265137,260100,0.0,0.0,False
2019-01-03 05:00:00+00:00,7.630000114440918,7.630000114440918,6.900000095367432,7.21999979019165,318000,0.0,0.0,False
2019-01-04 05:00:00+00:00,7.320000171661377,7.639999866485596,7.210000038146973,7.329999923706055,263200,0.0,0.0,False
2019-01-07 05:00:00+00:00,7.25,7.880000114440918,7.170000076293945,7.769999980926514,299700,0.0,0.0,False
2019-01-08 05:00:00+00:00,7.800000190734863,8.119999885559082,7.510000228881836,7.889999866485596,216700,0.0,0.0,False
2019-01-09 05:00:00+00:00,8.020000457763672,8.260000228881836,7.679999828338623,7.929999828338623,208500,0.0,0.0,False
2019-01-10 05:00:00+00:00,7.760000228881836,7.800000190734863,7.420000076293945,7.659999847412109,213100,0.0,0.0,False
2019-01-11 05:00:00+00:00,7.630000114440918,7.929999828338623,7.599999904632568,7.75,250100,0.0,0.0,False
2019-01-14 05:00:00+00:00,7.670000076293945,8.140000343322754,7.53000020980835,8.050000190734863,186600,0.0,0.0,False
2019-01-15 05:00:00+00:00,8.039999961853027,8.390000343322754,7.949999809265137,8.1899995803833,142500,0.0,0.0,False
2019-01-16 05:00:00+00:00,8.270000457763672,8.579999923706055,8.170000076293945,8.270000457763672,140900,0.0,0.0,False
2019-01-17 05:00:00+00:00,8.270000457763672,8.600000381469727,8.220000267028809,8.550000190734863,141900,0.0,0.0,False
2019-01-18 05:00:00+00:00,8.5600004196167,8.949999809265137,8.40999984741211,8.649999618530273,144700,0.0,0.0,False
2019-01-22 05:00:00+00:00,8.729999542236328,9.100000381469728,8.649999618530273,8.720000267028809,249800,0.0,0.0,False
2019-01-23 05:00:00+00:00,8.760000228881836,8.9399995803833,8.25,8.420000076293945,173500,0.0,0.0,False
2019-01-24 05:00:00+00:00,8.510000228881836,8.680000305175781,8.25,8.479999542236328,185800,0.0,0.0,False
2019-01-25 05:00:00+00:00,8.550000190734863,8.890000343322754,8.359999656677246,8.739999771118164,162600,0.0,0.0,False
2019-01-28 05:00:00+00:00,8.789999961853027,9.239999771118164,8.670000076293945,9.039999961853027,144100,0.0,0.0,False
2019-01-29 05:00:00+00:00,9.109999656677246,9.369999885559082,8.699999809265137,8.819999694824219,153200,0.0,0.0,False
2019-01-30 05:00:00+00:00,8.899999618530273,9.359999656677246,8.850000381469727,9.25,105900,0.0,0.0,False
2019-01-31 05:00:00+00:00,9.279999732971191,9.369999885559082,8.649999618530273,8.75,107800,0.0,0.0,False
2019-02-01 05:00:00+00:00,8.369999885559082,8.75,8.279999732971191,8.729999542236328,208200,0.0,0.0,False
2019-02-04 05:00:00+00:00,8.779999732971191,9.279999732971191,8.729999542236328,9.010000228881836,201200,0.0,0.0,False
2019-02-05 05:00:00+00:00,9.460000038146973,9.90999984741211,7.869999885559082,8.579999923706055,719900,0.0,0.0,False
2019-02-06 05:00:00+00:00,8.4399995803833,8.989999771118164,8.4399995803833,8.649999618530273,421600,0.0,0.0,False
2019-02-07 05:00:00+00:00,8.649999618530273,8.979999542236328,8.550000190734863,8.729999542236328,299900,0.0,0.0,False
2019-02-08 05:00:00+00:00,8.699999809265137,8.9399995803833,8.649999618530273,8.800000190734863,209800,0.0,0.0,False
2019-02-11 05:00:00+00:00,8.8100004196167,9.210000038146973,8.710000038146973,8.800000190734863,184500,0.0,0.0,False
2019-02-12 05:00:00+00:00,8.880000114440918,9.149999618530272,8.869999885559082,9.109999656677246,222300,0.0,0.0,False
2019-02-13 05:00:00+00:00,9.149999618530272,9.1899995803833,8.8100004196167,8.960000038146973,155100,0.0,0.0,False
2019-02-14 05:00:00+00:00,9.029999732971191,9.68000030517578,9.010000228881836,9.520000457763672,404900,0.0,0.0,False
2019-02-15 05:00:00+00:00,9.550000190734863,9.720000267028809,9.220000267028809,9.390000343322754,309000,0.0,0.0,False
2019-02-19 05:00:00+00:00,9.399999618530272,9.720000267028809,9.390000343322754,9.68000030517578,266900,0.0,0.0,False
2019-02-20 05:00:00+00:00,9.630000114440918,9.800000190734863,9.3100004196167,9.329999923706056,179600,0.0,0.0,False
2019-02-21 05:00:00+00:00,9.369999885559082,9.899999618530272,9.210000038146973,9.800000190734863,268600,0.0,0.0,False
2019-02-22 05:00:00+00:00,9.779999732971191,10.100000381469728,9.699999809265137,10.029999732971191,190800,0.0,0.0,False
2019-02-25 05:00:00+00:00,10.09000015258789,10.630000114440918,9.449999809265137,9.710000038146973,318600,0.0,0.0,False
2019-02-26 05:00:00+00:00,9.699999809265137,10.600000381469728,9.579999923706056,10.210000038146973,337900,0.0,0.0,False
2019-02-27 05:00:00+00:00,10.18000030517578,10.34000015258789,9.9399995803833,10.050000190734863,94300,0.0,0.0,False
2019-02-28 05:00:00+00:00,10.0600004196167,10.260000228881836,9.800000190734863,10.06999969482422,157500,0.0,0.0,False
2019-03-01 05:00:00+00:00,10.09000015258789,10.34000015258789,9.539999961853027,9.850000381469728,162300,0.0,0.0,False
2019-03-04 05:00:00+00:00,9.880000114440918,9.93000030517578,9.5,9.720000267028809,243900,0.0,0.0,False
2019-03-05 05:00:00+00:00,9.770000457763672,9.81999969482422,9.359999656677246,9.529999732971191,155900,0.0,0.0,False
2019-03-06 05:00:00+00:00,9.539999961853027,9.75,9.199999809265137,9.40999984741211,362000,0.0,0.0,False
2019-03-07 05:00:00+00:00,9.399999618530272,9.720000267028809,9.210000038146973,9.59000015258789,206900,0.0,0.0,False
2019-03-08 05:00:00+00:00,9.550000190734863,9.720000267028809,9.289999961853027,9.619999885559082,201000,0.0,0.0,False
2019-03-11 04:00:00+00:00,9.619999885559082,9.710000038146973,9.350000381469728,9.40999984741211,174200,0.0,0.0,False
2019-03-12 04:00:00+00:00,9.43000030517578,9.449999809265137,8.949999809265137,9.34000015258789,209200,0.0,0.0,False
2019-03-13 04:00:00+00:00,9.369999885559082,9.550000190734863,9.029999732971191,9.460000038146973,255100,0.0,0.0,False
2019-03-14 04:00:00+00:00,9.470000267028809,9.5600004196167,9.239999771118164,9.520000457763672,188000,0.0,0.0,False
2019-03-15 04:00:00+00:00,9.520000457763672,9.5600004196167,9.140000343322754,9.40999984741211,353400,0.0,0.0,False
2019-03-18 04:00:00+00:00,9.40999984741211,9.40999984741211,9.220000267028809,9.34000015258789,183200,0.0,0.0,False
2019-03-19 04:00:00+00:00,9.380000114440918,9.43000030517578,9.199999809265137,9.359999656677246,189000,0.0,0.0,False
2019-03-20 04:00:00+00:00,9.369999885559082,9.369999885559082,9.0,9.15999984741211,125900,0.0,0.0,False
2019-03-21 04:00:00+00:00,9.149999618530272,9.210000038146973,8.510000228881836,8.739999771118164,280600,0.0,0.0,False
2019-03-22 04:00:00+00:00,8.729999542236328,8.729999542236328,8.229999542236328,8.5,298200,0.0,0.0,False
2019-03-25 04:00:00+00:00,8.5,8.5,7.96999979019165,8.279999732971191,178800,0.0,0.0,False
2019-03-26 04:00:00+00:00,8.390000343322754,8.40999984741211,8.020000457763672,8.130000114440918,225800,0.0,0.0,False
2019-03-27 04:00:00+00:00,8.170000076293945,8.489999771118164,8.149999618530273,8.390000343322754,202900,0.0,0.0,False
2019-03-28 04:00:00+00:00,8.40999984741211,8.479999542236328,8.180000305175781,8.399999618530273,166000,0.0,0.0,False
2019-03-29 04:00:00+00:00,8.449999809265137,8.510000228881836,8.149999618530273,8.34000015258789,176500,0.0,0.0,False
2019-04-01 04:00:00+00:00,8.430000305175781,8.729999542236328,8.40999984741211,8.640000343322754,141900,0.0,0.0,False
2019-04-02 04:00:00+00:00,8.710000038146973,8.800000190734863,8.460000038146973,8.59000015258789,90100,0.0,0.0,False
2019-04-03 04:00:00+00:00,8.65999984741211,8.880000114440918,8.649999618530273,8.710000038146973,76900,0.0,0.0,False
2019-04-04 04:00:00+00:00,8.720000267028809,8.800000190734863,8.529999732971191,8.569999694824219,101200,0.0,0.0,False
2019-04-05 04:00:00+00:00,8.640000343322754,8.699999809265137,8.350000381469727,8.399999618530273,121000,0.0,0.0,False
2019-04-08 04:00:00+00:00,8.359999656677246,8.359999656677246,8.010000228881836,8.270000457763672,226300,0.0,0.0,False
2019-04-09 04:00:00+00:00,8.25,8.399999618530273,8.130000114440918,8.15999984741211,99600,0.0,0.0,False
2019-04-10 04:00:00+00:00,8.270000457763672,8.350000381469727,8.0600004196167,8.34000015258789,153900,0.0,0.0,False
2019-04-11 04:00:00+00:00,8.329999923706055,8.470000267028809,8.199999809265137,8.460000038146973,127100,0.0,0.0,False
2019-04-12 04:00:00+00:00,8.489999771118164,9.06999969482422,8.329999923706055,8.479999542236328,238500,0.0,0.0,False
2019-04-15 04:00:00+00:00,8.4399995803833,8.520000457763672,8.0600004196167,8.100000381469727,93900,0.0,0.0,False
2019-04-16 04:00:00+00:00,8.149999618530273,8.289999961853027,8.029999732971191,8.050000190734863,86000,0.0,0.0,False
2019-04-17 04:00:00+00:00,8.130000114440918,8.390000343322754,8.069999694824219,8.279999732971191,88300,0.0,0.0,False
2019-04-18 04:00:00+00:00,8.229999542236328,8.65999984741211,8.220000267028809,8.470000267028809,116000,0.0,0.0,False
2019-04-22 04:00:00+00:00,8.470000267028809,8.75,8.34000015258789,8.619999885559082,114600,0.0,0.0,False
2019-04-23 04:00:00+00:00,8.609999656677246,8.770000457763672,8.550000190734863,8.670000076293945,135700,0.0,0.0,False
2019-04-24 04:00:00+00:00,8.6899995803833,8.869999885559082,8.670000076293945,8.789999961853027,121800,0.0,0.0,False
2019-04-25 04:00:00+00:00,8.800000190734863,8.829999923706055,8.609999656677246,8.729999542236328,74500,0.0,0.0,False
2019-04-26 04:00:00+00:00,8.819999694824219,8.859999656677246,8.649999618530273,8.75,108600,0.0,0.0,False
2019-04-29 04:00:00+00:00,8.819999694824219,9.119999885559082,8.75,9.100000381469728,89900,0.0,0.0,False
2019-04-30 04:00:00+00:00,8.949999809265137,9.199999809265137,8.949999809265137,9.140000343322754,135400,0.0,0.0,False
2019-05-01 04:00:00+00:00,9.170000076293944,9.170000076293944,8.949999809265137,9.029999732971191,95900,0.0,0.0,False
2019-05-02 04:00:00+00:00,9.029999732971191,9.149999618530272,8.770000457763672,9.140000343322754,95700,0.0,0.0,False
2019-05-03 04:00:00+00:00,9.079999923706056,9.300000190734863,9.079999923706056,9.289999961853027,98600,0.0,0.0,False
2019-05-06 04:00:00+00:00,9.109999656677246,9.369999885559082,8.979999542236328,9.300000190734863,79000,0.0,0.0,False
2019-05-07 04:00:00+00:00,9.170000076293944,9.289999961853027,9.020000457763672,9.15999984741211,119700,0.0,0.0,False
2019-05-08 04:00:00+00:00,9.079999923706056,9.329999923706056,9.079999923706056,9.170000076293944,111900,0.0,0.0,False
2019-05-09 04:00:00+00:00,9.100000381469728,9.369999885559082,8.979999542236328,9.34000015258789,402900,0.0,0.0,False
2019-05-10 04:00:00+00:00,9.270000457763672,9.449999809265137,8.949999809265137,9.199999809265137,828500,0.0,0.0,False
2019-05-13 04:00:00+00:00,9.079999923706056,9.380000114440918,8.65999984741211,8.8100004196167,254200,0.0,0.0,False
2019-05-14 04:00:00+00:00,8.819999694824219,9.09000015258789,8.710000038146973,8.970000267028809,178000,0.0,0.0,False
2019-05-15 04:00:00+00:00,8.960000038146973,9.130000114440918,8.869999885559082,9.020000457763672,105800,0.0,0.0,False
2019-05-16 04:00:00+00:00,9.050000190734863,9.09000015258789,8.670000076293945,8.899999618530273,106800,0.0,0.0,False
2019-05-17 04:00:00+00:00,8.800000190734863,9.0600004196167,8.770000457763672,8.850000381469727,88800,0.0,0.0,False
2019-05-20 04:00:00+00:00,8.829999923706055,8.920000076293945,8.75,8.819999694824219,74200,0.0,0.0,False
2019-05-21 04:00:00+00:00,8.819999694824219,9.0600004196167,8.779999732971191,9.0,125800,0.0,0.0,False
2019-05-22 04:00:00+00:00,8.930000305175781,9.079999923706056,8.789999961853027,8.880000114440918,131000,0.0,0.0,False
2019-05-23 04:00:00+00:00,8.8100004196167,9.06999969482422,8.770000457763672,8.960000038146973,129800,0.0,0.0,False
2019-05-24 04:00:00+00:00,8.979999542236328,9.18000030517578,8.890000343322754,9.079999923706056,150400,0.0,0.0,False
2019-05-28 04:00:00+00:00,9.079999923706056,9.18000030517578,9.0,9.100000381469728,141000,0.0,0.0,False
2019-05-29 04:00:00+00:00,9.09000015258789,9.18000030517578,8.90999984741211,9.109999656677246,186700,0.0,0.0,False
2019-05-30 04:00:00+00:00,9.06999969482422,9.300000190734863,8.9399995803833,9.260000228881836,196600,0.0,0.0,False
2019-05-31 04:00:00+00:00,9.170000076293944,9.300000190734863,8.989999771118164,9.119999885559082,213800,0.0,0.0,False
2019-06-03 04:00:00+00:00,9.0600004196167,9.130000114440918,8.619999885559082,9.0,202900,0.0,0.0,False
2019-06-04 04:00:00+00:00,9.09000015258789,9.119999885559082,8.760000228881836,8.869999885559082,165300,0.0,0.0,False
2019-06-05 04:00:00+00:00,9.149999618530272,9.369999885559082,9.09000015258789,9.300000190734863,947900,0.0,0.0,False
2019-06-06 04:00:00+00:00,9.369999885559082,9.609999656677246,9.3100004196167,9.539999961853027,347700,0.0,0.0,False
2019-06-07 04:00:00+00:00,9.649999618530272,10.18000030517578,9.649999618530272,10.149999618530272,531900,0.0,0.0,False
2019-06-10 04:00:00+00:00,10.260000228881836,10.75,10.260000228881836,10.449999809265137,320100,0.0,0.0,False
2019-06-11 04:00:00+00:00,10.59000015258789,10.699999809265137,10.100000381469728,10.31999969482422,270700,0.0,0.0,False
2019-06-12 04:00:00+00:00,10.25,10.449999809265137,10.25,10.359999656677246,286300,0.0,0.0,False
2019-06-13 04:00:00+00:00,10.380000114440918,10.920000076293944,10.380000114440918,10.619999885559082,343800,0.0,0.0,False
2019-06-14 04:00:00+00:00,10.6899995803833,11.079999923706056,10.670000076293944,10.850000381469728,642400,0.0,0.0,False
2019-06-17 04:00:00+00:00,10.970000267028809,11.079999923706056,10.539999961853027,10.600000381469728,296700,0.0,0.0,False
2019-06-18 04:00:00+00:00,10.710000038146973,10.9399995803833,10.380000114440918,10.59000015258789,264700,0.0,0.0,False
2019-06-19 04:00:00+00:00,10.649999618530272,10.84000015258789,10.56999969482422,10.670000076293944,322900,0.0,0.0,False
2019-06-20 04:00:00+00:00,10.8100004196167,10.979999542236328,10.5600004196167,10.869999885559082,247300,0.0,0.0,False
2019-06-21 04:00:00+00:00,10.8100004196167,11.050000190734863,10.640000343322754,10.65999984741211,315000,0.0,0.0,False
2019-06-24 04:00:00+00:00,10.65999984741211,10.710000038146973,10.119999885559082,10.140000343322754,199900,0.0,0.0,False
2019-06-25 04:00:00+00:00,10.130000114440918,10.579999923706056,9.56999969482422,9.600000381469728,337800,0.0,0.0,False
2019-06-26 04:00:00+00:00,9.600000381469728,9.989999771118164,9.18000030517578,9.329999923706056,467600,0.0,0.0,False
2019-06-27 04:00:00+00:00,9.369999885559082,9.640000343322754,9.18000030517578,9.1899995803833,328200,0.0,0.0,False
2019-06-28 04:00:00+00:00,9.25,9.510000228881836,8.930000305175781,9.140000343322754,1477900,0.0,0.0,False
2019-07-01 04:00:00+00:00,9.229999542236328,9.6899995803833,9.18000030517578,9.520000457763672,440500,0.0,0.0,False
2019-07-02 04:00:00+00:00,9.539999961853027,9.75,9.3100004196167,9.380000114440918,180000,0.0,0.0,False
2019-07-03 04:00:00+00:00,9.43000030517578,9.739999771118164,9.40999984741211,9.470000267028809,87200,0.0,0.0,False
2019-07-05 04:00:00+00:00,9.4399995803833,9.75,9.40999984741211,9.640000343322754,170500,0.0,0.0,False
2019-07-08 04:00:00+00:00,9.640000343322754,9.649999618530272,9.399999618530272,9.529999732971191,230300,0.0,0.0,False
2019-07-09 04:00:00+00:00,9.529999732971191,9.630000114440918,9.3100004196167,9.470000267028809,172800,0.0,0.0,False
2019-07-10 04:00:00+00:00,9.529999732971191,9.59000015258789,9.40999984741211,9.529999732971191,199200,0.0,0.0,False
2019-07-11 04:00:00+00:00,9.5600004196167,9.59000015258789,9.359999656677246,9.40999984741211,111800,0.0,0.0,False
2019-07-12 04:00:00+00:00,9.619999885559082,10.100000381469728,9.600000381469728,9.880000114440918,311500,0.0,0.0,False
2019-07-15 04:00:00+00:00,9.979999542236328,10.020000457763672,9.8100004196167,9.890000343322754,296100,0.0,0.0,False
2019-07-16 04:00:00+00:00,9.960000038146973,10.239999771118164,9.960000038146973,10.15999984741211,303000,0.0,0.0,False
2019-07-17 04:00:00+00:00,10.229999542236328,10.350000381469728,10.119999885559082,10.140000343322754,246800,0.0,0.0,False
2019-07-18 04:00:00+00:00,10.1899995803833,10.34000015258789,10.140000343322754,10.229999542236328,157500,0.0,0.0,False
2019-07-19 04:00:00+00:00,10.239999771118164,10.43000030517578,10.050000190734863,10.09000015258789,268700,0.0,0.0,False
2019-07-22 04:00:00+00:00,10.119999885559082,10.350000381469728,10.109999656677246,10.140000343322754,265200,0.0,0.0,False
2019-07-23 04:00:00+00:00,10.170000076293944,10.449999809265137,10.15999984741211,10.449999809265137,252100,0.0,0.0,False
2019-07-24 04:00:00+00:00,10.449999809265137,10.869999885559082,10.449999809265137,10.770000457763672,331600,0.0,0.0,False
2019-07-25 04:00:00+00:00,10.779999732971191,10.850000381469728,10.270000457763672,10.359999656677246,203900,0.0,0.0,False
2019-07-26 04:00:00+00:00,10.359999656677246,10.449999809265137,10.079999923706056,10.140000343322754,193100,0.0,0.0,False
2019-07-29 04:00:00+00:00,10.140000343322754,10.140000343322754,9.859999656677246,10.119999885559082,262300,0.0,0.0,False
2019-07-30 04:00:00+00:00,10.029999732971191,10.329999923706056,9.960000038146973,10.31999969482422,257900,0.0,0.0,False
2019-07-31 04:00:00+00:00,10.350000381469728,10.65999984741211,10.220000267028809,10.239999771118164,310800,0.0,0.0,False
2019-08-01 04:00:00+00:00,10.210000038146973,10.350000381469728,9.760000228881836,9.8100004196167,177600,0.0,0.0,False
2019-08-02 04:00:00+00:00,9.699999809265137,9.770000457763672,9.130000114440918,9.460000038146973,253900,0.0,0.0,False
2019-08-05 04:00:00+00:00,9.31999969482422,9.34000015258789,8.800000190734863,9.130000114440918,267600,0.0,0.0,False
2019-08-06 04:00:00+00:00,9.220000267028809,9.40999984741211,9.050000190734863,9.350000381469728,193500,0.0,0.0,False
2019-08-07 04:00:00+00:00,9.329999923706056,9.720000267028809,9.199999809265137,9.600000381469728,170300,0.0,0.0,False
2019-08-08 04:00:00+00:00,9.65999984741211,9.970000267028809,9.649999618530272,9.770000457763672,180400,0.0,0.0,False
2019-08-09 04:00:00+00:00,9.0,9.100000381469728,5.349999904632568,6.619999885559082,3117700,0.0,0.0,False
2019-08-12 04:00:00+00:00,6.610000133514404,6.739999771118164,5.789999961853027,5.840000152587891,748500,0.0,0.0,False
2019-08-13 04:00:00+00:00,5.900000095367432,6.25,5.900000095367432,6.139999866485596,609000,0.0,0.0,False
2019-08-14 04:00:00+00:00,6.25,6.349999904632568,5.849999904632568,6.190000057220459,637800,0.0,0.0,False
2019-08-15 04:00:00+00:00,6.239999771118164,6.360000133514404,5.730000019073486,5.829999923706055,369500,0.0,0.0,False
2019-08-16 04:00:00+00:00,5.889999866485596,6.210000038146973,5.760000228881836,6.139999866485596,416700,0.0,0.0,False
2019-08-19 04:00:00+00:00,6.260000228881836,6.559999942779541,6.21999979019165,6.480000019073486,376300,0.0,0.0,False
2019-08-20 04:00:00+00:00,6.5,6.539999961853027,6.190000057220459,6.260000228881836,410700,0.0,0.0,False
2019-08-21 04:00:00+00:00,6.300000190734863,6.590000152587891,6.199999809265137,6.25,251600,0.0,0.0,False
2019-08-22 04:00:00+00:00,6.25,6.289999961853027,6.050000190734863,6.059999942779541,182200,0.0,0.0,False
2019-08-23 04:00:00+00:00,6.050000190734863,6.119999885559082,5.960000038146973,6.010000228881836,378800,0.0,0.0,False
2019-08-26 04:00:00+00:00,6.099999904632568,6.699999809265137,6.090000152587891,6.460000038146973,428200,0.0,0.0,False
2019-08-27 04:00:00+00:00,6.480000019073486,6.570000171661377,6.289999961853027,6.329999923706055,445700,0.0,0.0,False
2019-08-28 04:00:00+00:00,6.289999961853027,6.579999923706055,6.260000228881836,6.389999866485596,289200,0.0,0.0,False
2019-08-29 04:00:00+00:00,6.460000038146973,6.800000190734863,6.420000076293945,6.71999979019165,466100,0.0,0.0,False
2019-08-30 04:00:00+00:00,6.699999809265137,6.769999980926514,6.449999809265137,6.460000038146973,1076500,0.0,0.0,False
2019-09-03 04:00:00+00:00,6.360000133514404,6.579999923706055,6.199999809265137,6.460000038146973,345300,0.0,0.0,False
2019-09-04 04:00:00+00:00,6.420000076293945,6.610000133514404,6.420000076293945,6.559999942779541,294100,0.0,0.0,False
2019-09-05 04:00:00+00:00,6.650000095367432,6.739999771118164,6.340000152587891,6.650000095367432,648500,0.0,0.0,False
2019-09-06 04:00:00+00:00,6.650000095367432,6.75,6.409999847412109,6.489999771118164,418700,0.0,0.0,False
2019-09-09 04:00:00+00:00,6.519999980926514,7.070000171661377,6.489999771118164,7.010000228881836,349900,0.0,0.0,False
2019-09-10 04:00:00+00:00,7.099999904632568,7.460000038146973,7.039999961853027,7.269999980926514,406700,0.0,0.0,False
2019-09-11 04:00:00+00:00,7.28000020980835,7.650000095367432,7.25,7.519999980926514,276800,0.0,0.0,False
2019-09-12 04:00:00+00:00,7.519999980926514,7.710000038146973,7.389999866485596,7.53000020980835,315300,0.0,0.0,False
2019-09-13 04:00:00+00:00,7.619999885559082,8.100000381469727,7.619999885559082,7.789999961853027,394000,0.0,0.0,False
2019-09-16 04:00:00+00:00,7.630000114440918,7.820000171661377,7.400000095367432,7.550000190734863,216300,0.0,0.0,False
2019-09-17 04:00:00+00:00,7.5,7.5,7.199999809265137,7.409999847412109,263100,0.0,0.0,False
2019-09-18 04:00:00+00:00,7.400000095367432,7.429999828338623,7.099999904632568,7.289999961853027,187000,0.0,0.0,False
2019-09-19 04:00:00+00:00,7.28000020980835,7.440000057220459,7.150000095367432,7.239999771118164,194900,0.0,0.0,False
2019-09-20 04:00:00+00:00,7.269999980926514,7.579999923706055,7.230000019073486,7.46999979019165,400000,0.0,0.0,False
2019-09-23 04:00:00+00:00,7.46999979019165,7.539999961853027,7.210000038146973,7.409999847412109,196500,0.0,0.0,False
2019-09-24 04:00:00+00:00,7.389999866485596,7.46999979019165,7.130000114440918,7.170000076293945,262900,0.0,0.0,False
2019-09-25 04:00:00+00:00,7.179999828338623,7.320000171661377,7.119999885559082,7.260000228881836,137800,0.0,0.0,False
2019-09-26 04:00:00+00:00,7.269999980926514,7.269999980926514,6.800000190734863,6.880000114440918,190800,0.0,0.0,False
2019-09-27 04:00:00+00:00,6.900000095367432,7.179999828338623,6.78000020980835,6.809999942779541,195400,0.0,0.0,False
2019-09-30 04:00:00+00:00,6.840000152587891,6.869999885559082,6.429999828338623,6.75,272600,0.0,0.0,False
2019-10-01 04:00:00+00:00,6.78000020980835,6.849999904632568,6.409999847412109,6.489999771118164,224900,0.0,0.0,False
2019-10-02 04:00:00+00:00,6.46999979019165,6.570000171661377,5.960000038146973,6.309999942779541,356400,0.0,0.0,False
2019-10-03 04:00:00+00:00,6.239999771118164,6.320000171661377,5.980000019073486,6.25,355300,0.0,0.0,False
2019-10-04 04:00:00+00:00,6.239999771118164,6.489999771118164,6.239999771118164,6.349999904632568,245400,0.0,0.0,False
2019-10-07 04:00:00+00:00,6.340000152587891,6.690000057220459,6.260000228881836,6.5,117900,0.0,0.0,False
2019-10-08 04:00:00+00:00,6.420000076293945,6.679999828338623,6.360000133514404,6.5,160600,0.0,0.0,False
2019-10-09 04:00:00+00:00,6.539999961853027,6.599999904632568,6.21999979019165,6.380000114440918,147200,0.0,0.0,False
2019-10-10 04:00:00+00:00,6.349999904632568,6.429999828338623,6.260000228881836,6.340000152587891,133200,0.0,0.0,False
2019-10-11 04:00:00+00:00,6.409999847412109,6.590000152587891,6.409999847412109,6.429999828338623,168300,0.0,0.0,False
2019-10-14 04:00:00+00:00,6.429999828338623,7.050000190734863,6.349999904632568,7.03000020980835,224100,0.0,0.0,False
2019-10-15 04:00:00+00:00,7.079999923706055,7.440000057220459,7.050000190734863,7.409999847412109,660600,0.0,0.0,False
2019-10-16 04:00:00+00:00,7.460000038146973,7.940000057220459,7.190000057220459,7.230000019073486,338300,0.0,0.0,False
2019-10-17 04:00:00+00:00,7.28000020980835,7.349999904632568,7.170000076293945,7.269999980926514,101400,0.0,0.0,False
2019-10-18 04:00:00+00:00,7.199999809265137,7.380000114440918,7.010000228881836,7.050000190734863,125000,0.0,0.0,False
2019-10-21 04:00:00+00:00,7.159999847412109,7.380000114440918,7.090000152587891,7.329999923706055,321900,0.0,0.0,False
2019-10-22 04:00:00+00:00,7.25,7.849999904632568,7.210000038146973,7.710000038146973,419300,0.0,0.0,False
2019-10-23 04:00:00+00:00,7.699999809265137,7.769999980926514,7.320000171661377,7.460000038146973,235300,0.0,0.0,False
2019-10-24 04:00:00+00:00,7.519999980926514,7.730000019073486,7.440000057220459,7.460000038146973,366700,0.0,0.0,False
2019-10-25 04:00:00+00:00,7.400000095367432,7.800000190734863,7.400000095367432,7.679999828338623,280100,0.0,0.0,False
2019-10-28 04:00:00+00:00,7.71999979019165,7.840000152587891,7.679999828338623,7.739999771118164,193700,0.0,0.0,False
2019-10-29 04:00:00+00:00,7.71999979019165,7.96999979019165,7.489999771118164,7.75,256400,0.0,0.0,False
2019-10-30 04:00:00+00:00,7.71999979019165,7.809999942779541,7.630000114440918,7.769999980926514,151200,0.0,0.0,False
2019-10-31 04:00:00+00:00,7.730000019073486,7.869999885559082,7.510000228881836,7.619999885559082,150400,0.0,0.0,False
2019-11-01 04:00:00+00:00,7.650000095367432,7.809999942779541,7.519999980926514,7.639999866485596,141800,0.0,0.0,False
2019-11-04 05:00:00+00:00,7.760000228881836,7.760000228881836,7.5,7.550000190734863,257300,0.0,0.0,False
2019-11-05 05:00:00+00:00,7.570000171661377,7.710000038146973,7.260000228881836,7.329999923706055,266200,0.0,0.0,False
2019-11-06 05:00:00+00:00,7.320000171661377,7.409999847412109,7.110000133514404,7.349999904632568,228900,0.0,0.0,False
2019-11-07 05:00:00+00:00,7.360000133514404,7.639999866485596,7.360000133514404,7.599999904632568,185100,0.0,0.0,False
2019-11-08 05:00:00+00:00,7.670000076293945,7.670000076293945,7.389999866485596,7.429999828338623,222000,0.0,0.0,False
2019-11-11 05:00:00+00:00,7.429999828338623,7.460000038146973,7.25,7.300000190734863,226200,0.0,0.0,False
2019-11-12 05:00:00+00:00,7.320000171661377,7.329999923706055,7.019999980926514,7.110000133514404,110700,0.0,0.0,False
2019-11-13 05:00:00+00:00,7.0,7.079999923706055,6.940000057220459,7.019999980926514,131200,0.0,0.0,False
2019-11-14 05:00:00+00:00,7.019999980926514,7.139999866485596,6.989999771118164,7.059999942779541,126400,0.0,0.0,False
2019-11-15 05:00:00+00:00,7.110000133514404,7.340000152587891,7.110000133514404,7.190000057220459,150900,0.0,0.0,False
2019-11-18 05:00:00+00:00,7.199999809265137,7.199999809265137,7.050000190734863,7.099999904632568,189800,0.0,0.0,False
2019-11-19 05:00:00+00:00,7.199999809265137,7.25,7.039999961853027,7.090000152587891,201700,0.0,0.0,False
2019-11-20 05:00:00+00:00,7.070000171661377,7.170000076293945,6.920000076293945,7.090000152587891,217800,0.0,0.0,False
2019-11-21 05:00:00+00:00,7.099999904632568,7.170000076293945,6.949999809265137,6.96999979019165,203900,0.0,0.0,False
2019-11-22 05:00:00+00:00,7.0,7.099999904632568,6.920000076293945,7.059999942779541,182900,0.0,0.0,False
2019-11-25 05:00:00+00:00,7.070000171661377,7.329999923706055,7.019999980926514,7.110000133514404,256800,0.0,0.0,False
2019-11-26 05:00:00+00:00,7.110000133514404,7.28000020980835,7.090000152587891,7.159999847412109,171900,0.0,0.0,False
2019-11-27 05:00:00+00:00,7.110000133514404,7.239999771118164,7.110000133514404,7.150000095367432,188800,0.0,0.0,False
2019-11-29 05:00:00+00:00,7.110000133514404,7.320000171661377,7.059999942779541,7.269999980926514,116500,0.0,0.0,False
2019-12-02 05:00:00+00:00,7.309999942779541,7.429999828338623,6.960000038146973,7.0,268100,0.0,0.0,False
2019-12-03 05:00:00+00:00,7.010000228881836,8.229999542236328,6.949999809265137,8.09000015258789,1524900,0.0,0.0,False
2019-12-04 05:00:00+00:00,8.149999618530273,8.6899995803833,8.149999618530273,8.430000305175781,767000,0.0,0.0,False
2019-12-05 05:00:00+00:00,8.399999618530273,8.75,8.319999694824219,8.729999542236328,501100,0.0,0.0,False
2019-12-06 05:00:00+00:00,8.75,8.920000076293945,8.6899995803833,8.890000343322754,483000,0.0,0.0,False
2019-12-09 05:00:00+00:00,8.800000190734863,9.25,8.800000190734863,9.109999656677246,594200,0.0,0.0,False
2019-12-10 05:00:00+00:00,9.029999732971191,9.15999984741211,8.970000267028809,9.06999969482422,509700,0.0,0.0,False
2019-12-11 05:00:00+00:00,9.029999732971191,9.300000190734863,8.9399995803833,9.260000228881836,677200,0.0,0.0,False
2019-12-12 05:00:00+00:00,9.300000190734863,9.5,8.720000267028809,8.829999923706055,1556600,0.0,0.0,False
2019-12-13 05:00:00+00:00,8.84000015258789,9.039999961853027,8.710000038146973,8.859999656677246,489000,0.0,0.0,False
2019-12-16 05:00:00+00:00,8.970000267028809,9.050000190734863,8.6899995803833,8.75,466600,0.0,0.0,False
2019-12-17 05:00:00+00:00,8.819999694824219,8.880000114440918,8.479999542236328,8.8100004196167,1285100,0.0,0.0,False
2019-12-18 05:00:00+00:00,8.859999656677246,9.020000457763672,8.680000305175781,8.760000228881836,424900,0.0,0.0,False
2019-12-19 05:00:00+00:00,8.859999656677246,9.020000457763672,8.710000038146973,8.979999542236328,548300,0.0,0.0,False
2019-12-20 05:00:00+00:00,9.0,9.0,8.819999694824219,8.979999542236328,725000,0.0,0.0,False
2019-12-23 05:00:00+00:00,9.0,9.609999656677246,8.989999771118164,9.399999618530272,696700,0.0,0.0,False
2019-12-24 05:00:00+00:00,9.43000030517578,9.640000343322754,9.229999542236328,9.520000457763672,186300,0.0,0.0,False
2019-12-26 05:00:00+00:00,9.5,9.649999618530272,9.350000381469728,9.40999984741211,216800,0.0,0.0,False
2019-12-27 05:00:00+00:00,9.43000030517578,9.43000030517578,8.989999771118164,9.140000343322754,296000,0.0,0.0,False
2019-12-30 05:00:00+00:00,9.09000015258789,9.149999618530272,8.869999885559082,8.949999809265137,272300,0.0,0.0,False
